Well,Sample ID,Range,ng/uL,% Total,nmole/L,Avg. Size,%CV,Size Threshold (b.p.),DQN
D1,7ng/uL sized gDNA,150 bp to 1400 bp,7.0028,99.9,25.5937,450,32.65,300,8.9
D2,5ng/uL sized gDNA,150 bp to 1400 bp,5.1978,99.8,19.0242,450,33.04,300,8.8
D3,1ng/uL sized gDNA,150 bp to 1400 bp,1.0124,99.4,3.7333,446,34.16,300,8.6
D4,0.5ng/uL sized gDNA,150 bp to 1400 bp,0.5754,97.1,2.1417,442,36.04,300,8.1
D5,0.25ng/uL sized gDNA,150 bp to 1400 bp,0.3117,96.0,1.1586,443,36.20,300,8.1
D6,0.1ng/uL sized gDNA,150 bp to 1400 bp,0.1087,93.6,0.3878,461,41.56,300,7.8
D7,0.1ng/uL sized gDNA,150 bp to 1400 bp,0.0741,96.8,0.2623,465,35.48,300,8.6
D8,0.05ng/uL sized gDNA,150 bp to 1400 bp,0.0586,90.5,0.2154,448,43.33,300,7.8
D9,0.05ng/uL sized gDNA,150 bp to 1400 bp,0.0602,71.1,0.2286,433,42.26,300,5.6
D10,BF-25,,,,,,,300,N/A (Size threshold is less than lower marker end point)
D11,HSSF Ladder,,,,,,,300,5.3
D12,HSSF Ladder,,,,,,,,
