Well,Sample ID,Range,ng/uL,% Total,nmole/L,Avg. Size,%CV,Size Threshold (b.p.),GQN
D1,dilution #1,1000 bp to 100000 bp,156.9357,88.3,6.7775,38122,64.35,10000,8.4
D2,dilution #1,,,,,,,10000,8.3
D3,dilution #2,,,,,,,10000,8.5
D4,dilution #3,,,,,,,10000,8.5
D5,dilution #3,,,,,,,10000,8.6
D6,dilution #3,,,,,,,10000,8.5
D7,dilution #4,,,,,,,10000,8.7
D8,dilution #4,,,,,,,10000,8.4
D9,dilution #5,,,,,,,10000,8.6
D10,dilution #5,,,,,,,10000,8.5
D11,Ladder,,,,,,,10000,4.5
D12,Ladder,,,,,,,,
