Well,Sample ID,Range,ng/uL,% Total,nmole/L,Avg. Size,%CV,Size Threshold (b.p.),DQN
B1,NGS Library #30 (sure select kit),150 bp to 5500 bp,6.6067,99.2,17.4043,625,75.69,300,9.3
B2,NGS Library #30=1 (sure select kit with double primer volume),150 bp to 5500 bp,7.7092,98.2,21.1222,601,71.87,300,9.4
B3,SampB6,150 bp to 5500 bp,0.0081,70.0,0.0053,2489,50.65,300,7.0
B4,NGS Library #30 (sure select kit)- Diluted 10X,150 bp to 5500 bp,0.7942,98.8,1.9268,678,82.70,300,9.2
B5,NGS Library #30=1 (sure select kit with double primer volume)- Diluted 10X,150 bp to 5500 bp,0.8221,95.0,2.0931,646,79.01,300,9.0
B6,SampB6,150 bp to 5500 bp,0.0076,70.8,0.0049,2546,48.94,300,7.1
B7,SampB7,150 bp to 5500 bp,0.0122,74.4,0.0096,2088,63.12,300,7.5
B8,SampB8,150 bp to 5500 bp,0.0067,61.3,0.0043,2585,47.00,300,6.2
B9,SampB9,150 bp to 5500 bp,0.0107,27.3,0.0074,2375,53.13,300,2.7
B10,SampB10,150 bp to 5500 bp,0.0070,65.6,0.0045,2586,47.15,300,6.6
B11,Ladder,150 bp to 5500 bp,0.7903,93.7,1.3999,929,73.39,300,8.3
B12,Ladder,,,,,,,,
