Well,Sample ID,GQN,Size threshold (bp),Total conc. (ng/uL)
D1,Human gDNA  15 ng/uL Pipetted Wide,7.7,10000,12.4460
D2,Human gDNA  12.5 ng/uL Pipetted Wide,7.6,10000,11.6102
D3,Human gDNA  10 ng/uL Pipetted Wide,7.4,10000,8.4144
D4,Human gDNA  5 ng/uL Pipetted Wide,7.2,10000,4.2090
D5,Human gDNA  2.5 ng/uL Pipetted Wide,7.3,10000,2.1953
D6,Human gDNA  1.25 ng/uL Pipetted Wide,7.1,10000,1.5278
D7,Human gDNA  0.63ng/uL Pipetted Wide,6.6,10000,0.6238
D8,Human gDNA  0.32 ng/uL Pipetted Wide,6.1,10000,0.3796
D9,Human gDNA  0.2 ng/uL Pipetted Wide,5.1,10000,0.2562
D10,Human gDNA  0.16 ng/uL Pipetted Wide,4.4,10000,0.2420
D11,DNF-364 Ladder,3.9,10000,13.9462
D12,DNF-364 Ladder,,,
