Well,Sample ID,GQN,Size threshold (bp),Total conc. (ng/uL)
H1,Yeast gDNA-1 Ph-Ch,6.8,50000,0.0475
H2,Yeast gDNA-2 Ph-Ch,7.6,50000,0.0647
H3,Yeast gDNA-P2 Promega Wizard,6.8,50000,0.1841
H4,Yeast gDNA-P3 Promega Wizard,7.2,50000,0.1638
H5,Yeast gDNA-1 Qiagen G-tip,5.3,50000,0.3156
H6,Yeast gDNA-2 Qiagen G-tip,5.3,50000,0.3424
H7,Yeast gDNA-1 G-Biosciences,3.9,50000,0.3769
H8,Yeast gDNA-2 G-Biosciences,3.8,50000,0.2909
H9,Yeast gDNA-1 Zymo,0.9,50000,0.1804
H10,Yeast gDNA-2 Zymo,0.5,50000,0.2105
H11,165 Kb Ladder,3.0,50000,0.1899
H12,165 Kb Ladder,,,
