Well,Sample ID,Range,ng/uL,% Total,nmole/L,Avg. Size,%CV,Size Threshold (b.p.),GQN
H1,Yeast gDNA-1 Ph-Ch,1000 bp to 900000 bp,0.0475,99.6,0.0003,226043,80.38,50000,6.8
H2,Yeast gDNA-2 Ph-Ch,1000 bp to 900000 bp,0.0647,99.8,0.0005,218849,76.51,50000,7.6
H3,Yeast gDNA-P2 Promega Wizard,1000 bp to 900000 bp,0.1831,99.2,0.0020,147406,86.71,50000,6.8
H4,Yeast gDNA-P3 Promega Wizard,1000 bp to 900000 bp,0.1638,98.6,0.0017,159067,90.46,50000,7.2
H5,Yeast gDNA-1 Qiagen G-tip,1000 bp to 900000 bp,0.3156,99.9,0.0053,98129,100.70,50000,5.3
H6,Yeast gDNA-2 Qiagen G-tip,1000 bp to 900000 bp,0.3424,99.7,0.0055,103297,101.21,50000,5.3
H7,Yeast gDNA-1 G-Biosciences,4000 bp to 900000 bp,0.3653,87.8,0.0045,133305,137.01,50000,3.9
H8,Yeast gDNA-2 G-Biosciences,4000 bp to 900000 bp,0.2775,78.8,0.0036,125431,137.45,50000,3.8
H9,Yeast gDNA-1 Zymo,,,,,,,50000,0.9
H10,Yeast gDNA-2 Zymo,,,,,,,50000,0.5
H11,165 Kb Ladder,1000 bp to 900000 bp,0.1899,99.9,0.0052,60550,119.96,50000,3.0
H12,165 Kb Ladder,,,,,,,,
