Well,Sample ID,Conc. (ng/ul),RQN,28S/18S
C1,Universal Human Reference Total RNA,6.6167,7.8,0.8
C2,Universal Human Reference Total RNA,3.6660,7.3,0.6
C3,Universal Human Reference Total RNA,1.8656,7.5,0.8
C4,Universal Human Reference Total RNA,1.3114,7.5,0.8
C5,Universal Human Reference Total RNA,0.4231,7.4,0.8
C6,Universal Human Reference Total RNA,0.2321,7.1,0.8
C7,Universal Human Reference Total RNA,0.1484,7.6,0.8
C8,Universal Human Reference Total RNA,0.0420,7.6,0.5
C9,marker,0.0271,5.2,0.0
C10,marker,0.0545,2.3,0.0
C11,marker,0.0058,10.0,0.0
C12,DNF-386 Ladder,2.0000,6.1,0.8
