Well,Sample ID,Peak ID,Size (nt),% (Conc.) (ng/uL),nmole/L,ng/ul,RFU,From (nt),To (nt),TIC (ng/ul),TIM (nmole/L),Total Conc. (ng/ul)
C1,Universal Human Reference Total RNA,1,15,,4.3794,0.0260,2067,0,57,2.6598,3.1191,6.6167
C1,Universal Human Reference Total RNA,2,1933,56.3,2.4154,1.4983,5880,1626,2344,2.6598,3.1191,6.6167
C1,Universal Human Reference Total RNA,3,5313,43.7,0.7037,1.1615,4900,4438,5875,2.6598,3.1191,6.6167
C1,Universal Human Reference Total RNA,,,,,,,,,2.6598,3.1191,6.6167
C2,Universal Human Reference Total RNA,1,15,,4.3794,0.0260,1441,0,62,1.6012,1.9259,3.6660
C2,Universal Human Reference Total RNA,2,1933,61.3,1.5640,0.9817,2702,1635,2422,1.6012,1.9259,3.6660
C2,Universal Human Reference Total RNA,3,5438,38.7,0.3618,0.6195,1697,4470,7541,1.6012,1.9259,3.6660
C2,Universal Human Reference Total RNA,,,,,,,,,1.6012,1.9259,3.6660
C3,Universal Human Reference Total RNA,1,15,,4.3794,0.0260,2329,0,62,0.7370,0.8563,1.8656
C3,Universal Human Reference Total RNA,2,1923,56.2,0.6674,0.4144,1821,1635,2376,0.7370,0.8563,1.8656
C3,Universal Human Reference Total RNA,3,5500,43.8,0.1889,0.3225,1423,4563,6123,0.7370,0.8563,1.8656
C3,Universal Human Reference Total RNA,,,,,,,,,0.7370,0.8563,1.8656
C4,Universal Human Reference Total RNA,1,15,,4.3794,0.0260,1815,0,62,0.4995,0.5734,1.3114
C4,Universal Human Reference Total RNA,2,1933,55.6,0.4440,0.2775,965,1664,2376,0.4995,0.5734,1.3114
C4,Universal Human Reference Total RNA,3,5531,44.4,0.1294,0.2220,741,4594,6123,0.4995,0.5734,1.3114
C4,Universal Human Reference Total RNA,,,,,,,,,0.4995,0.5734,1.3114
C5,Universal Human Reference Total RNA,1,15,,4.3794,0.0260,3196,0,62,0.1585,0.1894,0.4231
C5,Universal Human Reference Total RNA,2,1904,57.5,0.1493,0.0911,529,1597,2313,0.1585,0.1894,0.4231
C5,Universal Human Reference Total RNA,3,5407,42.5,0.0401,0.0674,389,4501,6062,0.1585,0.1894,0.4231
C5,Universal Human Reference Total RNA,,,,,,,,,0.1585,0.1894,0.4231
C6,Universal Human Reference Total RNA,1,15,,4.3794,0.0260,3293,0,62,0.0789,0.0920,0.2321
C6,Universal Human Reference Total RNA,2,1923,56.8,0.0721,0.0448,279,1683,2329,0.0789,0.0920,0.2321
C6,Universal Human Reference Total RNA,3,5500,43.2,0.0199,0.0341,199,4594,6185,0.0789,0.0920,0.2321
C6,Universal Human Reference Total RNA,,,,,,,,,0.0789,0.0920,0.2321
C7,Universal Human Reference Total RNA,1,15,,4.3794,0.0260,2444,0,62,0.0520,0.0587,0.1484
C7,Universal Human Reference Total RNA,2,1923,53.5,0.0443,0.0278,130,1722,2344,0.0520,0.0587,0.1484
C7,Universal Human Reference Total RNA,3,5500,46.5,0.0143,0.0241,94,4470,6154,0.0520,0.0587,0.1484
C7,Universal Human Reference Total RNA,,,,,,,,,0.0520,0.0587,0.1484
C8,Universal Human Reference Total RNA,1,15,,4.3794,0.0260,2689,0,62,0.0103,0.0126,0.0420
C8,Universal Human Reference Total RNA,2,1914,63.8,0.0105,0.0066,33,1722,2360,0.0103,0.0126,0.0420
C8,Universal Human Reference Total RNA,3,5531,36.2,0.0021,0.0037,23,5032,6123,0.0103,0.0126,0.0420
C8,Universal Human Reference Total RNA,,,,,,,,,0.0103,0.0126,0.0420
C9,marker,1,15,,4.3794,0.0260,2583,0,96,0.0000,0.0000,0.0271
C9,marker,,,,,,,,,0.0000,0.0000,0.0271
C10,marker,1,15,,4.3794,0.0260,3043,0,63,0.0000,0.0000,0.0545
C10,marker,,,,,,,,,0.0000,0.0000,0.0545
C11,marker,1,15,,4.1548,0.0260,2474,0,96,0.0000,0.0000,0.0058
C11,marker,,,,,,,,,0.0000,0.0000,0.0058
C12,DNF-386 Ladder,1,15,,4.3794,0.0260,2742,0,62,1.9684,8.2807,2.0000
C12,DNF-386 Ladder,2,200,12.8,3.8590,0.2517,1904,149,301,1.9684,8.2807,2.0000
C12,DNF-386 Ladder,3,500,16.2,1.9381,0.3190,2716,449,686,1.9684,8.2807,2.0000
C12,DNF-386 Ladder,4,1000,16.6,1.0453,0.3261,1992,686,1216,1.9684,8.2807,2.0000
C12,DNF-386 Ladder,5,1500,14.4,0.5934,0.2827,1911,1216,1722,1.9684,8.2807,2.0000
C12,DNF-386 Ladder,6,2000,13.9,0.4155,0.2741,1570,1722,2594,1.9684,8.2807,2.0000
C12,DNF-386 Ladder,7,3000,11.8,0.2395,0.2323,1432,2594,3606,1.9684,8.2807,2.0000
C12,DNF-386 Ladder,8,4000,8.9,0.1336,0.1754,1255,3606,5063,1.9684,8.2807,2.0000
C12,DNF-386 Ladder,9,6000,5.4,0.0563,0.1071,656,5063,8312,1.9684,8.2807,2.0000
C12,DNF-386 Ladder,,,,,,,,,1.9684,8.2807,2.0000
