Well,Sample ID,Range,ng/uL,% Total,nmole/L,Avg. Size,%CV
F1,sheared gDNA,25 bp to 1000 bp,0.2598,99.8,1.8978,225,50.22
F2,sheared gDNA,25 bp to 1000 bp,0.1476,99.9,1.0812,224,48.54
F3,sheared gDNA,25 bp to 1000 bp,0.0638,100.4,0.4707,223,48.54
F4,sheared gDNA,25 bp to 1000 bp,0.0364,100.5,0.2753,218,47.62
F5,sheared gDNA,25 bp to 1000 bp,0.0239,92.6,0.1771,222,49.55
F6,sheared gDNA,25 bp to 1000 bp,0.0076,102.8,0.0591,211,48.03
F7,sheared gDNA,25 bp to 1000 bp,0.0049,104.2,0.0400,203,54.46
F8,marker,,,,,,
F9,marker,,,,,,
F10,marker,,,,,,
F11,marker,,,,,,
F12,ladder,,,,,,
