Well,Sample ID,WT 1100 +/- 200 bp AND NOT 500 +/- 100 bp,Homozygous Knockout 500 +/- 100 bp AND NOT 1100 +/- 200 bp,Heterozygous 1100 +/- 200 bp AND 500 +/- 100 bp
A1,Plant1,0,0,1
A2,Plant2,1,0,0
A3,Plant3,1,0,0
A4,Plant4,0,0,1
A5,Plant5,0,0,1
A6,Plant6,0,1,0
A7,Plant7,0,0,1
A8,Plant8,0,1,0
A9,Plant9,1,0,0
A10,Plant10,0,0,1
A11,Plant11,0,0,1
A12,Plant12,0,0,1
B1,Plant13,0,1,0
B2,Plant14,0,0,1
B3,Plant15,0,0,1
B4,Plant16,0,0,1
B5,Plant17,1,0,0
B6,Plant18,0,1,0
B7,Plant19,0,0,1
B8,Plant20,0,0,1
B9,Plant21,0,1,0
B10,Plant22,1,0,0
B11,Plant23,0,0,1
B12,Plant24,1,0,0
C1,Plant25,0,0,1
C2,Plant26,0,0,1
C3,Plant27,1,0,0
C4,Plant28,0,0,1
C5,Plant29,0,0,1
C6,Plant30,0,1,0
C7,Plant31,0,1,0
C8,Plant32,0,0,1
C9,Plant33,0,0,0
C10,Plant34,0,0,1
C11,Plant35,0,1,0
C12,Plant36,0,0,1
D1,Plant37,0,0,1
D2,Plant38,1,0,0
D3,Plant39,0,0,1
D4,Plant40,0,1,0
D5,Plant41,0,0,1
D6,Plant42,1,0,0
D7,Plant43,0,0,1
D8,Plant44,1,0,0
D9,Plant45,1,0,0
D10,Plant46,0,1,0
D11,Plant47,0,0,1
D12,Plant48,0,0,1
E1,Plant49,1,0,0
E2,Plant50,0,0,1
E3,Plant51,0,0,1
E4,Plant52,1,0,0
E5,Plant53,0,0,1
E6,Plant54,0,1,0
E7,Plant55,1,0,0
E8,Plant56,0,0,1
E9,Plant57,0,0,1
E10,Plant58,0,0,1
E11,Plant59,1,0,0
E12,Plant60,1,0,0
F1,Plant61,1,0,0
F2,Plant62,0,1,0
F3,Plant63,0,1,0
F4,Plant64,1,0,0
F5,Plant65,1,0,0
F6,Plant66,0,1,0
F7,Plant67,1,0,0
F8,Plant68,0,1,0
F9,Plant69,0,1,0
F10,Plant70,0,1,0
F11,Plant71,0,1,0
F12,Plant72,0,1,0
G1,Plant73,0,0,1
G2,Plant74,0,0,1
G3,Plant75,1,0,0
G4,Plant76,0,1,0
G5,Plant77,0,0,1
G6,Plant78,1,0,0
G7,Plant79,1,0,0
G8,Plant80,0,0,1
G9,Plant81,0,0,1
G10,Plant82,0,1,0
G11,Plant83,0,0,1
G12,Plant84,0,0,1
H1,Plant85,0,1,0
H2,Plant86,0,0,1
H3,Plant87,0,0,1
H4,Plant88,0,1,0
H5,Plant89,0,0,1
H6,Plant90,0,1,0
H7,Plant91,0,1,0
H8,Plant92,0,0,1
H9,Plant93,0,1,0
H10,Plant94,0,1,0
H11,Plant95,0,0,1
H12,Ladder,,,
