Well,Sample ID,Range,ng/uL,% Total,nmole/L,Avg. Size,%CV,Size Threshold (b.p.),GQN
G1,Yeast gDNA-1 Ph-Ch,1000 bp to 420000 bp,0.0503,99.9,0.0007,117137,67.04,50000,7.0
G2,Yeast gDNA-2 Ph-Ch,1000 bp to 420000 bp,0.0816,100.0,0.0008,167178,51.77,50000,8.2
G3,Yeast gDNA-P2 Promega Wizard,1000 bp to 420000 bp,0.1908,99.8,0.0031,102102,60.78,50000,7.4
G4,Yeast gDNA-P3 Promega Wizard,1000 bp to 420000 bp,0.1963,99.7,0.0027,120464,65.56,50000,7.7
G5,Yeast gDNA-1 Qiagen G-tip,1000 bp to 420000 bp,0.3457,99.9,0.0077,74104,67.24,50000,6.0
G6,Yeast gDNA-2 Qiagen G-tip,1000 bp to 420000 bp,0.3812,99.9,0.0081,77537,70.74,90000,3.7
G7,Yeast gDNA-1 G-Biosciences,4000 bp to 420000 bp,0.2719,86.6,0.0075,59933,114.36,50000,2.7
G8,Yeast gDNA-2 G-Biosciences,4000 bp to 420000 bp,0.1863,73.8,0.0064,48124,102.09,50000,2.0
G9,Yeast gDNA-1 Zymo,,,,,,,50000,1.1
G10,Yeast gDNA-2 Zymo,,,,,,,50000,0.6
G11,165 Kb Ladder,1000 bp to 420000 bp,0.1941,100.0,0.0054,58698,96.78,50000,3.1
G12,165 Kb Ladder,,,,,,,,
