Well,Sample ID,GQN,Size threshold (bp),Total conc. (ng/uL)
G1,Yeast gDNA-1 Ph-Ch,7.0,50000,0.0504
G2,Yeast gDNA-2 Ph-Ch,8.2,50000,0.0816
G3,Yeast gDNA-P2 Promega Wizard,7.4,50000,0.1912
G4,Yeast gDNA-P3 Promega Wizard,7.7,50000,0.1968
G5,Yeast gDNA-1 Qiagen G-tip,6.0,50000,0.3458
G6,Yeast gDNA-2 Qiagen G-tip,3.7,90000,0.3814
G7,Yeast gDNA-1 G-Biosciences,2.7,50000,0.3138
G8,Yeast gDNA-2 G-Biosciences,2.0,50000,0.2526
G9,Yeast gDNA-1 Zymo,1.1,50000,0.1714
G10,Yeast gDNA-2 Zymo,0.6,50000,0.1998
G11,165 Kb Ladder,3.1,50000,0.1941
G12,165 Kb Ladder,,,
