Well,Sample ID,Peak ID,Size (nt),% (Conc.) (ng/uL),nmole/L,ng/ul,RFU,From (nt),To (nt),TIC (ng/ul),TIM (nmole/L),Total Conc. (ng/ul)
A1,0 min at 70C Universal Mouse Reference Total RNA,1,15,,4.1703,0.0247,1529,0,58,3.1826,5.7410,4.4546
A1,0 min at 70C Universal Mouse Reference Total RNA,2,154,4.4,2.7864,0.1389,718,141,172,3.1826,5.7410,4.4546
A1,0 min at 70C Universal Mouse Reference Total RNA,3,1915,32.3,1.6720,1.0281,5409,1736,2201,3.1826,5.7410,4.4546
A1,0 min at 70C Universal Mouse Reference Total RNA,4,4841,63.3,1.2826,2.0157,7981,4001,6086,3.1826,5.7410,4.4546
A1,0 min at 70C Universal Mouse Reference Total RNA,,,,,,,,,3.1826,5.7410,4.4546
A2,2 min at 70C Universal Mouse Reference Total RNA,1,15,,3.9564,0.0247,1011,0,59,4.0086,8.4986,6.2726
A2,2 min at 70C Universal Mouse Reference Total RNA,2,154,5.7,4.4804,0.2276,667,141,192,4.0086,8.4986,6.2726
A2,2 min at 70C Universal Mouse Reference Total RNA,3,1906,39.1,2.5756,1.5680,5165,1689,2139,4.0086,8.4986,6.2726
A2,2 min at 70C Universal Mouse Reference Total RNA,4,4783,55.2,1.4425,2.2130,6298,3929,5710,4.0086,8.4986,6.2726
A2,2 min at 70C Universal Mouse Reference Total RNA,,,,,,,,,4.0086,8.4986,6.2726
A3,4 min at 70C Universal Mouse Reference Total RNA,1,15,,3.9564,0.0247,1610,0,58,2.7698,6.6101,5.1704
A3,4 min at 70C Universal Mouse Reference Total RNA,2,154,6.7,3.7309,0.1859,978,141,172,2.7698,6.6101,5.1704
A3,4 min at 70C Universal Mouse Reference Total RNA,3,1896,42.8,1.9485,1.1843,5838,1727,2109,2.7698,6.6101,5.1704
A3,4 min at 70C Universal Mouse Reference Total RNA,4,4783,50.5,0.9307,1.3995,5216,3786,5565,2.7698,6.6101,5.1704
A3,4 min at 70C Universal Mouse Reference Total RNA,,,,,,,,,2.7698,6.6101,5.1704
A4,6 min at 70C Universal Mouse Reference Total RNA,1,15,,3.9564,0.0247,1319,0,57,2.6106,7.6347,5.8078
A4,6 min at 70C Universal Mouse Reference Total RNA,2,154,9.2,4.7513,0.2414,844,140,191,2.6106,7.6347,5.8078
A4,6 min at 70C Universal Mouse Reference Total RNA,3,1878,49.4,2.1407,1.2895,4925,1708,2078,2.6106,7.6347,5.8078
A4,6 min at 70C Universal Mouse Reference Total RNA,4,4667,41.4,0.7426,1.0797,2975,3738,5305,2.6106,7.6347,5.8078
A4,6 min at 70C Universal Mouse Reference Total RNA,,,,,,,,,2.6106,7.6347,5.8078
A5,8 min at 70C Universal Mouse Reference Total RNA,1,15,,4.1703,0.0247,2094,0,56,1.4930,5.5625,4.4837
A5,8 min at 70C Universal Mouse Reference Total RNA,2,152,12.4,3.7748,0.1857,1233,139,170,1.4930,5.5625,4.4837
A5,8 min at 70C Universal Mouse Reference Total RNA,3,1887,61.3,1.5184,0.9156,4905,1708,2078,1.4930,5.5625,4.4837
A5,8 min at 70C Universal Mouse Reference Total RNA,4,4725,26.2,0.2694,0.3917,1493,3857,5421,1.4930,5.5625,4.4837
A5,8 min at 70C Universal Mouse Reference Total RNA,,,,,,,,,1.4930,5.5625,4.4837
A6,10 min at 70C Universal Mouse Reference Total RNA,1,15,,3.9564,0.0247,2050,0,58,1.1915,5.1844,4.4182
A6,10 min at 70C Universal Mouse Reference Total RNA,2,153,15.4,3.6825,0.1835,1179,141,171,1.1915,5.1844,4.4182
A6,10 min at 70C Universal Mouse Reference Total RNA,3,1887,70.6,1.3922,0.8413,4245,1718,2093,1.1915,5.1844,4.4182
A6,10 min at 70C Universal Mouse Reference Total RNA,4,4725,14.0,0.1097,0.1667,991,4407,5160,1.1915,5.1844,4.4182
A6,10 min at 70C Universal Mouse Reference Total RNA,,,,,,,,,1.1915,5.1844,4.4182
A7,12 min at 70C Universal Mouse Reference Total RNA,1,15,,3.9564,0.0247,1314,0,59,1.5513,6.6613,6.0312
A7,12 min at 70C Universal Mouse Reference Total RNA,2,154,14.6,4.5526,0.2269,906,141,173,1.5513,6.6613,6.0312
A7,12 min at 70C Universal Mouse Reference Total RNA,3,1887,79.6,2.0501,1.2356,3993,1708,2078,1.5513,6.6613,6.0312
A7,12 min at 70C Universal Mouse Reference Total RNA,4,4667,5.7,0.0585,0.0888,365,4436,5247,1.5513,6.6613,6.0312
A7,12 min at 70C Universal Mouse Reference Total RNA,,,,,,,,,1.5513,6.6613,6.0312
A8,14 min at 70C Universal Mouse Reference Total RNA,1,15,,4.1703,0.0247,1702,0,57,0.8898,5.2221,4.4312
A8,14 min at 70C Universal Mouse Reference Total RNA,2,153,22.6,4.0636,0.2012,985,140,170,0.8898,5.2221,4.4312
A8,14 min at 70C Universal Mouse Reference Total RNA,3,1868,77.4,1.1585,0.6886,2874,1708,2000,0.8898,5.2221,4.4312
A8,14 min at 70C Universal Mouse Reference Total RNA,,,,,,,,,0.8898,5.2221,4.4312
A9,16 min at 70C Universal Mouse Reference Total RNA,1,15,,4.1703,0.0247,1826,0,56,0.7393,4.9483,4.1119
A9,16 min at 70C Universal Mouse Reference Total RNA,2,153,27.3,4.0503,0.2019,1017,140,171,0.7393,4.9483,4.1119
A9,16 min at 70C Universal Mouse Reference Total RNA,3,1868,72.7,0.8980,0.5375,2254,1727,2016,0.7393,4.9483,4.1119
A9,16 min at 70C Universal Mouse Reference Total RNA,,,,,,,,,0.7393,4.9483,4.1119
A10,20 min at 70C Universal Mouse Reference Total RNA,1,15,,3.9564,0.0247,2060,0,58,0.6790,5.1281,4.7623
A10,20 min at 70C Universal Mouse Reference Total RNA,2,153,31.9,4.3491,0.2167,1194,140,170,0.6790,5.1281,4.7623
A10,20 min at 70C Universal Mouse Reference Total RNA,3,1859,68.1,0.7790,0.4623,2337,1727,1991,0.6790,5.1281,4.7623
A10,20 min at 70C Universal Mouse Reference Total RNA,,,,,,,,,0.6790,5.1281,4.7623
A11,18 min at 70C Universal Mouse Reference Total RNA,1,15,,3.9564,0.0247,1332,0,57,1.0106,6.1674,6.8802
A11,18 min at 70C Universal Mouse Reference Total RNA,2,154,24.3,4.8879,0.2452,925,141,171,1.0106,6.1674,6.8802
A11,18 min at 70C Universal Mouse Reference Total RNA,3,1878,75.7,1.2795,0.7654,2688,1746,2000,1.0106,6.1674,6.8802
A11,18 min at 70C Universal Mouse Reference Total RNA,,,,,,,,,1.0106,6.1674,6.8802
A12,DNF-386 HS RNA Ladder,1,15,,3.9564,0.0247,1744,0,70,1.9548,7.7805,2.0000
A12,DNF-386 HS RNA Ladder,2,200,11.2,3.2561,0.2186,1322,179,327,1.9548,7.7805,2.0000
A12,DNF-386 HS RNA Ladder,3,500,18.5,2.2095,0.3622,2190,456,712,1.9548,7.7805,2.0000
A12,DNF-386 HS RNA Ladder,4,1000,16.5,0.9866,0.3217,1427,712,1354,1.9548,7.7805,2.0000
A12,DNF-386 HS RNA Ladder,5,1500,13.5,0.5365,0.2638,1594,1354,1859,1.9548,7.7805,2.0000
A12,DNF-386 HS RNA Ladder,6,2000,11.7,0.3416,0.2292,1211,1859,2677,1.9548,7.7805,2.0000
A12,DNF-386 HS RNA Ladder,7,3000,11.6,0.2309,0.2272,1197,2677,3643,1.9548,7.7805,2.0000
A12,DNF-386 HS RNA Ladder,8,4000,10.3,0.1524,0.2007,1128,3643,5305,1.9548,7.7805,2.0000
A12,DNF-386 HS RNA Ladder,9,6000,6.7,0.0669,0.1313,539,5305,9492,1.9548,7.7805,2.0000
A12,DNF-386 HS RNA Ladder,,,,,,,,,1.9548,7.7805,2.0000
