Well,Sample ID,Conc. (ng/ul),RQN,28S/18S
A1,0 min at 70C Universal Mouse Reference Total RNA,4.4546,9.5,1.9
A2,2 min at 70C Universal Mouse Reference Total RNA,6.2726,9.0,1.5
A3,4 min at 70C Universal Mouse Reference Total RNA,5.1704,8.0,1.2
A4,6 min at 70C Universal Mouse Reference Total RNA,5.8078,7.3,0.8
A5,8 min at 70C Universal Mouse Reference Total RNA,4.4837,6.1,0.4
A6,10 min at 70C Universal Mouse Reference Total RNA,4.4182,5.7,0.2
A7,12 min at 70C Universal Mouse Reference Total RNA,6.0312,5.5,0.1
A8,14 min at 70C Universal Mouse Reference Total RNA,4.4312,4.2,0.0
A9,16 min at 70C Universal Mouse Reference Total RNA,4.1119,3.4,0.0
A10,20 min at 70C Universal Mouse Reference Total RNA,4.7623,2.8,0.0
A11,18 min at 70C Universal Mouse Reference Total RNA,6.8802,3.5,0.0
A12,DNF-386 HS RNA Ladder,2.0000,6.0,0.8
